Prompt	Answer	Extra	Tags
A system uses skeletal muscles to move the body. Name it and give two other functions.	Muscular system; maintains posture and generates heat.	Ch. 1, Table 1.2.	u01 midterm1 weak batch01
Which body system supports and protects the body, and what role does it have in blood production?	Skeletal system; it houses cells that produce blood cells.	It also aids movement. Ch. 1, Table 1.2.	u01 midterm1 weak batch01
Which system regulates organs using hormones carried in blood?	Endocrine system.	Hormones travel to target organs. Ch. 1, Table 1.2.	u01 midterm1 weak batch01
Which system returns excess fluid from between cells to blood and transports dietary lipids?	Lymphatic system.	It also returns filtered plasma proteins and participates in immune responses. Ch. 1, Table 1.2.	u01 midterm1 weak batch01
Which system moves O2 from air to blood and CO2 from blood to air? Name one further role.	Respiratory system; helps regulate body-fluid acid–base balance.	Ch. 1, Table 1.2.	u01 midterm1 weak batch01
State the reproductive system's main functions.	Produces gametes and reproductive hormones; transports and stores gametes.	Gametes can unite to form a new individual. Ch. 1, Table 1.2.	u01 midterm1 weak batch01
Protein breakdown and protein synthesis are parts of which life process? Name its two phases.	Metabolism: catabolism breaks down; anabolism builds up.	Ch. 1, §1.3.	u01 midterm1 weak batch01
A neuron detects a change and triggers a response. Which life process does this illustrate?	Responsiveness: detecting and responding to changes.	Changes may arise inside or outside the body. Ch. 1, §1.3.	u01 midterm1 weak batch01
A stem cell becomes a specialized red blood cell. Which life process is this?	Differentiation.	An unspecialized cell develops a specialized structure and function. Ch. 1, §1.3.	u01 midterm1 weak batch01
Why is extracellular fluid (ECF) called the body's internal environment?	It surrounds and bathes body cells.	ECF is outside cells; intracellular fluid (ICF) is inside. Ch. 1, §1.4.	u01 midterm1 weak batch01 m002
Name the two main ECF compartments and locate each.	Plasma: fluid part of blood; interstitial fluid: between tissue cells.	Both are outside cells, unlike ICF. Ch. 1, §1.4.	u01 midterm1 weak comparison batch01 m002
In Chapter 1's simplified model, trace a blood-absorbed nutrient from digestive tract to muscle cell.	Digestive tract → blood plasma → capillary wall → interstitial fluid → muscle cell.	The cardiovascular system transports it in blood. Ch. 1, §1.4.	u01 midterm1 weak mechanism batch01 m002
Which system detects changes and rapidly directs muscle or gland responses using action potentials?	Nervous system.	It interprets internal or external changes. Ch. 1, Table 1.2.	u01 midterm1 batch02
State the digestive system's three broad functions.	Breaks down food; absorbs nutrients; eliminates solid wastes.	Ch. 1, Table 1.2.	u01 midterm1 batch02
Which system defends against microbes and other foreign substances?	Immune system.	Ch. 1, Table 1.2.	u01 midterm1 batch02
What does the cardiovascular system deliver to and remove from body cells?	Delivers oxygen and nutrients; carries away CO2 and other wastes.	Heart pumps blood through vessels. Ch. 1, Table 1.2.	u01 midterm1 batch02
What does the urinary system remove, and what two blood properties does it regulate?	Eliminates wastes/excess substances in urine; regulates blood volume and composition.	Also helps regulate acid–base balance. Ch. 1, Table 1.2.	u01 midterm1 batch02
Name three functions of the integumentary system.	Protects from the external environment; helps regulate body temperature; eliminates some wastes.	Skin and associated structures. Ch. 1, Table 1.2.	u01 midterm1 batch02
What life process includes making new cells for repair or producing a new individual?	Reproduction.	Cell division forms new cells; fertilization starts a new individual. Ch. 1, §1.3.	u01 midterm1 batch02
What life process increases body size through larger cells, more cells, or both?	Growth.	Extracellular material can also increase tissue size. Ch. 1, §1.3.	u01 midterm1 batch02
Besides walking, give two examples of the life process of movement at smaller scales.	Examples: organ contraction and immune-cell movement.	Movement can also occur within a single cell. Ch. 1, §1.3.	u01 midterm1 batch02
Why is mitosis not the defining function of the reproductive system?	Mitosis creates body cells; the reproductive system produces gametes and hormones and supports formation of a new individual.	Reproduction as a life process includes new cells as well as new individuals. Ch. 1, §§1.2–1.3; mitosis contrast is a brief clarifier.	u01 midterm1 weak comparison mistake batch02 m001
Contrast the main jobs of the immune and lymphatic systems.	Immune: defense against foreign substances; lymphatic: returns excess interstitial fluid to blood.	Lymphatic system also participates in immunity. Ch. 1, Table 1.2.	u01 midterm1 comparison batch02
How do respiratory and cardiovascular systems differ in delivering oxygen to cells?	Respiratory: exchanges O2 between air and blood; cardiovascular: transports O2 in blood to tissues.	Ch. 1, Table 1.2.	u01 midterm1 comparison batch02
An atom loses an electron and becomes positive, but its remaining outer-shell electrons are paired. Is it an ion, a free radical, or both? Explain.	A positive ion only: an ion has a net charge; a free radical must have an unpaired electron in its outermost shell.	Ch. 2, §2.1. Ion and free-radical properties are independent; some particles can be both.	u01 midterm1 comparison mistake weak batch03 m003
